Workbook

Sheet Feuil1
B1: Chaque question / compétences | E1: Q1 | G1: Q2 | J1: Q3 | M1: Q4 | N1: Q5 | O1: Q6 | P1: Q7 | R1: Q8 | S1: Q9 | T1: Q10 | U1: Q11 | V1: Q12 | W1: Q13 | Z1: Q14 | AB1: Q15 | AD1: Q16 | AE1: Q17 | AF1: Q18
B2: est notée sur 2 | AJ2: bareme | AK2: 1 | AL2: 2 | AM2: 1 | AN2: 2 | AO2: 2 | AP2: 2 | AY2: =AK2 -> 1 | AZ2: =AL2 -> 2 | BA2: =AM2 -> 1 | BB2: =AN2 -> 2 | BC2: =AO2 -> 2 | BD2: =AP2 -> 2 | BF2: =SUM(AY2:BD2) -> 10
E3: INF | F3: MOD | G3: CH | H3: COM | I3: RAI | J3: CH | K3: CAL | L3: COM | M3: CH | N3: RAI | O3: CAL | P3: INF | Q3: MOD | R3: MOD | S3: RAI | T3: CAL | U3: RAI | V3: CAL | W3: CH | X3: CAL | Y3: COM | Z3: INF | AA3: MOD | AB3: RAI | AC3: CAL | AD3: RAI | AE3: INF | AF3: CH | AG3: MOD | AH3: COM | AJ3: nb_questions | AK3: =COUNTIF($E3:$AI3,AK$4) -> 4 | AL3: =COUNTIF($E3:$AI3,AL$4) -> 5 | AM3: =COUNTIF($E3:$AI3,AM$4) -> 5 | AN3: =COUNTIF($E3:$AI3,AN$4) -> 6 | AO3: =COUNTIF($E3:$AI3,AO$4) -> 6 | AP3: =COUNTIF($E3:$AI3,AP$4) -> 4
B4: NOM | C4: GROUPE | D4: GROUPE_CCF | AJ4: competences | AK4: INF | AL4: CH | AM4: MOD | AN4: RAI | AO4: CAL | AP4: COM | AR4: INF | AS4: CH | AT4: MOD | AU4: RAI | AV4: CAL | AW4: COM | AY4: INF | AZ4: CH | BA4: MOD | BB4: RAI | BC4: CAL | BD4: COM | BH4: INF | BI4: CH | BJ4: MOD | BK4: RAI | BL4: CAL | BM4: COM
A5: 1 | B5: ACCAR Roger | E5: 0 | F5: 0 | G5: 1 | H5: 0 | I5: 0 | J5: 0 | K5: 0 | L5: 2 | M5: 0 | N5: 0 | O5: 0 | P5: 2 | Q5: 2 | R5: 1 | S5: 1 | T5: 0 | U5: 0 | V5: 0 | W5: 0 | X5: 0 | Y5: 0 | Z5: 0 | AA5: 0 | AB5: 0 | AC5: 0 | AD5: 0 | AE5: 0 | AF5: 0 | AG5: 0 | AH5: 0 | AK5: =E5+P5+Z5+AE5 -> 2 | AL5: =G5+M5+W5+AF5+J5 -> 1 | AM5: =F5+Q5+R5+AA5+AG5 -> 3 | AN5: =I5+N5+S5+U5+AB5+AD5 -> 1 | AO5: =K5+O5+T5+V5+X5+AC5 -> 0 | AP5: =H5+L5+Y5+AH5 -> 2 | AR5: =AK$2*AK5/(AK$3*2) -> 0.25 | AS5: =AL$2*AL5/(AL$3*2) -> 0.2 | AT5: =AM$2*AM5/(AM$3*2) -> 0.3 | AU5: =AN$2*AN5/(AN$3*2) -> 0.16666667 | AV5: =AO$2*AO5/(AO$3*2) -> 0 | AW5: =AP$2*AP5/(AP$3*2) -> 0.5 | AY5: =IF(AR5>=0.75*AK$2, AK$2,AR5) -> 0.25 | AZ5: =IF(AS5>=0.75*AL$2, AL$2,AS5) -> 0.2 | BA5: =IF(AT5>=0.75*AM$2, AM$2,AT5) -> 0.3 | BB5: =IF(AU5>=0.75*AN$2, AN$2,AU5) -> 0.16666667 | BC5: =IF(AV5>=0.75*AO$2, AO$2,AV5) -> 0 | BD5: =IF(AW5>=0.75*AP$2, AP$2,AW5) -> 0.5 | BF5: =SUM(AY5:BD5) -> 1.4166667 | BH5: =ROUNDUP(AY5/0.5,0)*0.5 -> 0.5 | BI5: =ROUNDUP(AZ5/0.5,0)*0.5 -> 0.5 | BJ5: =ROUNDUP(BA5/0.5,0)*0.5 -> 0.5 | BK5: =ROUNDUP(BB5/0.5,0)*0.5 -> 0.5 | BL5: =ROUNDUP(BC5/0.5,0)*0.5 -> 0 | BM5: =ROUNDUP(BD5/0.5,0)*0.5 -> 0.5 | BO5: =SUM(BH5:BM5) -> 2.5
A6: =A5+1 -> 2 | B6: ADO Oihan | E6: 1 | F6: 1 | G6: 2 | H6: 2 | I6: 1 | J6: 1 | K6: 0 | L6: 1 | M6: 0 | N6: 0 | O6: 0 | P6: 2 | Q6: 2 | R6: 2 | S6: 2 | T6: 2 | U6: 2 | V6: 2 | W6: 2 | X6: 2 | Y6: 2 | Z6: 2 | AA6: 2 | AB6: 2 | AC6: 2 | AD6: 2 | AE6: 2 | AF6: 0 | AG6: 2 | AH6: 2 | AK6: =E6+P6+Z6+AE6 -> 7 | AL6: =G6+M6+W6+AF6+J6 -> 5 | AM6: =F6+Q6+R6+AA6+AG6 -> 9 | AN6: =I6+N6+S6+U6+AB6+AD6 -> 9 | AO6: =K6+O6+T6+V6+X6+AC6 -> 8 | AP6: =H6+L6+Y6+AH6 -> 7 | AR6: =AK$2*AK6/(AK$3*2) -> 0.875 | AS6: =AL$2*AL6/(AL$3*2) -> 1 | AT6: =AM$2*AM6/(AM$3*2) -> 0.9 | AU6: =AN$2*AN6/(AN$3*2) -> 1.5 | AV6: =AO$2*AO6/(AO$3*2) -> 1.3333333 | AW6: =AP$2*AP6/(AP$3*2) -> 1.75 | AY6: =IF(AR6>=0.75*AK$2, AK$2,AR6) -> 1 | AZ6: =IF(AS6>=0.75*AL$2, AL$2,AS6) -> 1 | BA6: =IF(AT6>=0.75*AM$2, AM$2,AT6) -> 1 | BB6: =IF(AU6>=0.75*AN$2, AN$2,AU6) -> 2 | BC6: =IF(AV6>=0.75*AO$2, AO$2,AV6) -> 1.3333333 | BD6: =IF(AW6>=0.75*AP$2, AP$2,AW6) -> 2 | BF6: =SUM(AY6:BD6) -> 8.3333333 | BH6: =ROUNDUP(AY6/0.5,0)*0.5 -> 1 | BI6: =ROUNDUP(AZ6/0.5,0)*0.5 -> 1 | BJ6: =ROUNDUP(BA6/0.5,0)*0.5 -> 1 | BK6: =ROUNDUP(BB6/0.5,0)*0.5 -> 2 | BL6: =ROUNDUP(BC6/0.5,0)*0.5 -> 1.5 | BM6: =ROUNDUP(BD6/0.5,0)*0.5 -> 2 | BO6: =SUM(BH6:BM6) -> 8.5
A7: =A6+1 -> 3 | B7: ALAUZET Mathis | E7: 1 | F7: 1 | G7: 2 | H7: 2 | I7: 1 | J7: 0 | K7: 0 | L7: 1 | M7: 0 | N7: 0 | O7: 0 | P7: 2 | Q7: 2 | R7: 1 | S7: 0 | T7: 0 | U7: 1 | V7: 0 | W7: 2 | X7: 2 | Y7: 2 | Z7: 0 | AA7: 0 | AB7: 1 | AC7: 0 | AD7: 0 | AE7: 0 | AF7: 0 | AG7: 0 | AH7: 0 | AK7: =E7+P7+Z7+AE7 -> 3 | AL7: =G7+M7+W7+AF7+J7 -> 4 | AM7: =F7+Q7+R7+AA7+AG7 -> 4 | AN7: =I7+N7+S7+U7+AB7+AD7 -> 3 | AO7: =K7+O7+T7+V7+X7+AC7 -> 2 | AP7: =H7+L7+Y7+AH7 -> 5 | AR7: =AK$2*AK7/(AK$3*2) -> 0.375 | AS7: =AL$2*AL7/(AL$3*2) -> 0.8 | AT7: =AM$2*AM7/(AM$3*2) -> 0.4 | AU7: =AN$2*AN7/(AN$3*2) -> 0.5 | AV7: =AO$2*AO7/(AO$3*2) -> 0.33333333 | AW7: =AP$2*AP7/(AP$3*2) -> 1.25 | AY7: =IF(AR7>=0.75*AK$2, AK$2,AR7) -> 0.375 | AZ7: =IF(AS7>=0.75*AL$2, AL$2,AS7) -> 0.8 | BA7: =IF(AT7>=0.75*AM$2, AM$2,AT7) -> 0.4 | BB7: =IF(AU7>=0.75*AN$2, AN$2,AU7) -> 0.5 | BC7: =IF(AV7>=0.75*AO$2, AO$2,AV7) -> 0.33333333 | BD7: =IF(AW7>=0.75*AP$2, AP$2,AW7) -> 1.25 | BF7: =SUM(AY7:BD7) -> 3.6583333 | BH7: =ROUNDUP(AY7/0.5,0)*0.5 -> 0.5 | BI7: =ROUNDUP(AZ7/0.5,0)*0.5 -> 1 | BJ7: =ROUNDUP(BA7/0.5,0)*0.5 -> 0.5 | BK7: =ROUNDUP(BB7/0.5,0)*0.5 -> 0.5 | BL7: =ROUNDUP(BC7/0.5,0)*0.5 -> 0.5 | BM7: =ROUNDUP(BD7/0.5,0)*0.5 -> 1.5 | BO7: =SUM(BH7:BM7) -> 4.5
A8: =A7+1 -> 4 | B8: ARSLANE Djibril | E8: 0 | F8: 0 | G8: 2 | H8: 2 | I8: 0 | J8: 0 | K8: 0 | L8: 0 | M8: 0 | N8: 2 | O8: 0 | P8: 2 | Q8: 2 | R8: 0 | S8: 0 | T8: 0 | U8: 0 | V8: 0 | W8: 1 | X8: 0 | Y8: 0 | Z8: 0 | AA8: 0 | AB8: 0 | AC8: 0 | AD8: 0 | AE8: 0 | AF8: 0 | AG8: 0 | AH8: 0 | AK8: =E8+P8+Z8+AE8 -> 2 | AL8: =G8+M8+W8+AF8+J8 -> 3 | AM8: =F8+Q8+R8+AA8+AG8 -> 2 | AN8: =I8+N8+S8+U8+AB8+AD8 -> 2 | AO8: =K8+O8+T8+V8+X8+AC8 -> 0 | AP8: =H8+L8+Y8+AH8 -> 2 | AR8: =AK$2*AK8/(AK$3*2) -> 0.25 | AS8: =AL$2*AL8/(AL$3*2) -> 0.6 | AT8: =AM$2*AM8/(AM$3*2) -> 0.2 | AU8: =AN$2*AN8/(AN$3*2) -> 0.33333333 | AV8: =AO$2*AO8/(AO$3*2) -> 0 | AW8: =AP$2*AP8/(AP$3*2) -> 0.5 | AY8: =IF(AR8>=0.75*AK$2, AK$2,AR8) -> 0.25 | AZ8: =IF(AS8>=0.75*AL$2, AL$2,AS8) -> 0.6 | BA8: =IF(AT8>=0.75*AM$2, AM$2,AT8) -> 0.2 | BB8: =IF(AU8>=0.75*AN$2, AN$2,AU8) -> 0.33333333 | BC8: =IF(AV8>=0.75*AO$2, AO$2,AV8) -> 0 | BD8: =IF(AW8>=0.75*AP$2, AP$2,AW8) -> 0.5 | BF8: =SUM(AY8:BD8) -> 1.8833333 | BH8: =ROUNDUP(AY8/0.5,0)*0.5 -> 0.5 | BI8: =ROUNDUP(AZ8/0.5,0)*0.5 -> 1 | BJ8: =ROUNDUP(BA8/0.5,0)*0.5 -> 0.5 | BK8: =ROUNDUP(BB8/0.5,0)*0.5 -> 0.5 | BL8: =ROUNDUP(BC8/0.5,0)*0.5 -> 0 | BM8: =ROUNDUP(BD8/0.5,0)*0.5 -> 0.5 | BO8: =SUM(BH8:BM8) -> 3
A9: =A8+1 -> 5 | B9: BENGOUA Solaymane | E9: 1 | F9: 1 | G9: 2 | H9: 2 | I9: 0 | J9: 1 | K9: 0 | L9: 0 | M9: 0 | N9: 0 | O9: 0 | P9: 2 | Q9: 2 | R9: 1 | S9: 2 | T9: 2 | U9: 0 | V9: 0 | W9: 1 | X9: 0 | Y9: 0 | Z9: 2 | AA9: 2 | AB9: 2 | AC9: 2 | AD9: 1 | AE9: 0 | AF9: 0 | AG9: 1 | AH9: 1 | AK9: =E9+P9+Z9+AE9 -> 5 | AL9: =G9+M9+W9+AF9+J9 -> 4 | AM9: =F9+Q9+R9+AA9+AG9 -> 7 | AN9: =I9+N9+S9+U9+AB9+AD9 -> 5 | AO9: =K9+O9+T9+V9+X9+AC9 -> 4 | AP9: =H9+L9+Y9+AH9 -> 3 | AR9: =AK$2*AK9/(AK$3*2) -> 0.625 | AS9: =AL$2*AL9/(AL$3*2) -> 0.8 | AT9: =AM$2*AM9/(AM$3*2) -> 0.7 | AU9: =AN$2*AN9/(AN$3*2) -> 0.83333333 | AV9: =AO$2*AO9/(AO$3*2) -> 0.66666667 | AW9: =AP$2*AP9/(AP$3*2) -> 0.75 | AY9: =IF(AR9>=0.75*AK$2, AK$2,AR9) -> 0.625 | AZ9: =IF(AS9>=0.75*AL$2, AL$2,AS9) -> 0.8 | BA9: =IF(AT9>=0.75*AM$2, AM$2,AT9) -> 0.7 | BB9: =IF(AU9>=0.75*AN$2, AN$2,AU9) -> 0.83333333 | BC9: =IF(AV9>=0.75*AO$2, AO$2,AV9) -> 0.66666667 | BD9: =IF(AW9>=0.75*AP$2, AP$2,AW9) -> 0.75 | BF9: =SUM(AY9:BD9) -> 4.375 | BH9: =ROUNDUP(AY9/0.5,0)*0.5 -> 1 | BI9: =ROUNDUP(AZ9/0.5,0)*0.5 -> 1 | BJ9: =ROUNDUP(BA9/0.5,0)*0.5 -> 1 | BK9: =ROUNDUP(BB9/0.5,0)*0.5 -> 1 | BL9: =ROUNDUP(BC9/0.5,0)*0.5 -> 1 | BM9: =ROUNDUP(BD9/0.5,0)*0.5 -> 1 | BO9: =SUM(BH9:BM9) -> 6
A10: =A9+1 -> 6 | B10: BILINGBI MAX Pierre Bradley | E10: 2 | F10: 2 | G10: 2 | H10: 0 | I10: 1 | J10: 2 | K10: 2 | L10: 2 | M10: 2 | N10: 2 | O10: 2 | P10: 2 | Q10: 2 | R10: 2 | S10: 2 | T10: 2 | U10: 1 | V10: 2 | W10: 1 | X10: 0 | Y10: 0 | Z10: 2 | AA10: 2 | AB10: 2 | AC10: 2 | AD10: 1 | AE10: 0 | AF10: 1 | AG10: 0 | AH10: 0 | AK10: =E10+P10+Z10+AE10 -> 6 | AL10: =G10+M10+W10+AF10+J10 -> 8 | AM10: =F10+Q10+R10+AA10+AG10 -> 8 | AN10: =I10+N10+S10+U10+AB10+AD10 -> 9 | AO10: =K10+O10+T10+V10+X10+AC10 -> 10 | AP10: =H10+L10+Y10+AH10 -> 2 | AR10: =AK$2*AK10/(AK$3*2) -> 0.75 | AS10: =AL$2*AL10/(AL$3*2) -> 1.6 | AT10: =AM$2*AM10/(AM$3*2) -> 0.8 | AU10: =AN$2*AN10/(AN$3*2) -> 1.5 | AV10: =AO$2*AO10/(AO$3*2) -> 1.6666667 | AW10: =AP$2*AP10/(AP$3*2) -> 0.5 | AY10: =IF(AR10>=0.75*AK$2, AK$2,AR10) -> 1 | AZ10: =IF(AS10>=0.75*AL$2, AL$2,AS10) -> 2 | BA10: =IF(AT10>=0.75*AM$2, AM$2,AT10) -> 1 | BB10: =IF(AU10>=0.75*AN$2, AN$2,AU10) -> 2 | BC10: =IF(AV10>=0.75*AO$2, AO$2,AV10) -> 2 | BD10: =IF(AW10>=0.75*AP$2, AP$2,AW10) -> 0.5 | BF10: =SUM(AY10:BD10) -> 8.5 | BH10: =ROUNDUP(AY10/0.5,0)*0.5 -> 1 | BI10: =ROUNDUP(AZ10/0.5,0)*0.5 -> 2 | BJ10: =ROUNDUP(BA10/0.5,0)*0.5 -> 1 | BK10: =ROUNDUP(BB10/0.5,0)*0.5 -> 2 | BL10: =ROUNDUP(BC10/0.5,0)*0.5 -> 2 | BM10: =ROUNDUP(BD10/0.5,0)*0.5 -> 0.5 | BO10: =SUM(BH10:BM10) -> 8.5
A11: =A10+1 -> 7 | B11: BONVALET icolas | E11: 2 | F11: 2 | G11: 2 | H11: 2 | I11: 2 | J11: 2 | K11: 2 | L11: 2 | M11: 2 | N11: 2 | O11: 2 | P11: 2 | Q11: 2 | R11: 1 | S11: 2 | T11: 2 | U11: 2 | V11: 2 | W11: 2 | X11: 2 | Y11: 2 | Z11: 2 | AA11: 2 | AB11: 2 | AC11: 2 | AD11: 2 | AE11: 2 | AF11: 2 | AG11: 2 | AH11: 2 | AK11: =E11+P11+Z11+AE11 -> 8 | AL11: =G11+M11+W11+AF11+J11 -> 10 | AM11: =F11+Q11+R11+AA11+AG11 -> 9 | AN11: =I11+N11+S11+U11+AB11+AD11 -> 12 | AO11: =K11+O11+T11+V11+X11+AC11 -> 12 | AP11: =H11+L11+Y11+AH11 -> 8 | AR11: =AK$2*AK11/(AK$3*2) -> 1 | AS11: =AL$2*AL11/(AL$3*2) -> 2 | AT11: =AM$2*AM11/(AM$3*2) -> 0.9 | AU11: =AN$2*AN11/(AN$3*2) -> 2 | AV11: =AO$2*AO11/(AO$3*2) -> 2 | AW11: =AP$2*AP11/(AP$3*2) -> 2 | AY11: =IF(AR11>=0.75*AK$2, AK$2,AR11) -> 1 | AZ11: =IF(AS11>=0.75*AL$2, AL$2,AS11) -> 2 | BA11: =IF(AT11>=0.75*AM$2, AM$2,AT11) -> 1 | BB11: =IF(AU11>=0.75*AN$2, AN$2,AU11) -> 2 | BC11: =IF(AV11>=0.75*AO$2, AO$2,AV11) -> 2 | BD11: =IF(AW11>=0.75*AP$2, AP$2,AW11) -> 2 | BF11: =SUM(AY11:BD11) -> 10 | BH11: =ROUNDUP(AY11/0.5,0)*0.5 -> 1 | BI11: =ROUNDUP(AZ11/0.5,0)*0.5 -> 2 | BJ11: =ROUNDUP(BA11/0.5,0)*0.5 -> 1 | BK11: =ROUNDUP(BB11/0.5,0)*0.5 -> 2 | BL11: =ROUNDUP(BC11/0.5,0)*0.5 -> 2 | BM11: =ROUNDUP(BD11/0.5,0)*0.5 -> 2 | BO11: =SUM(BH11:BM11) -> 10
A12: =A11+1 -> 8 | B12: BRENEK Ethan | E12: 0 | F12: 0 | G12: 2 | H12: 2 | I12: 2 | J12: 0 | K12: 0 | L12: 2 | M12: 0 | N12: 0 | O12: 0 | P12: 2 | Q12: 2 | R12: 0 | S12: 0 | T12: 0 | U12: 0 | V12: 0 | W12: 1 | X12: 0 | Y12: 0 | Z12: 2 | AA12: 1 | AB12: 2 | AC12: 2 | AD12: 0 | AE12: 0 | AF12: 0 | AG12: 1 | AH12: 2 | AK12: =E12+P12+Z12+AE12 -> 4 | AL12: =G12+M12+W12+AF12+J12 -> 3 | AM12: =F12+Q12+R12+AA12+AG12 -> 4 | AN12: =I12+N12+S12+U12+AB12+AD12 -> 4 | AO12: =K12+O12+T12+V12+X12+AC12 -> 2 | AP12: =H12+L12+Y12+AH12 -> 6 | AR12: =AK$2*AK12/(AK$3*2) -> 0.5 | AS12: =AL$2*AL12/(AL$3*2) -> 0.6 | AT12: =AM$2*AM12/(AM$3*2) -> 0.4 | AU12: =AN$2*AN12/(AN$3*2) -> 0.66666667 | AV12: =AO$2*AO12/(AO$3*2) -> 0.33333333 | AW12: =AP$2*AP12/(AP$3*2) -> 1.5 | AY12: =IF(AR12>=0.75*AK$2, AK$2,AR12) -> 0.5 | AZ12: =IF(AS12>=0.75*AL$2, AL$2,AS12) -> 0.6 | BA12: =IF(AT12>=0.75*AM$2, AM$2,AT12) -> 0.4 | BB12: =IF(AU12>=0.75*AN$2, AN$2,AU12) -> 0.66666667 | BC12: =IF(AV12>=0.75*AO$2, AO$2,AV12) -> 0.33333333 | BD12: =IF(AW12>=0.75*AP$2, AP$2,AW12) -> 2 | BF12: =SUM(AY12:BD12) -> 4.5 | BH12: =ROUNDUP(AY12/0.5,0)*0.5 -> 0.5 | BI12: =ROUNDUP(AZ12/0.5,0)*0.5 -> 1 | BJ12: =ROUNDUP(BA12/0.5,0)*0.5 -> 0.5 | BK12: =ROUNDUP(BB12/0.5,0)*0.5 -> 1 | BL12: =ROUNDUP(BC12/0.5,0)*0.5 -> 0.5 | BM12: =ROUNDUP(BD12/0.5,0)*0.5 -> 2 | BO12: =SUM(BH12:BM12) -> 5.5
A13: =A12+1 -> 9 | B13: CHABAUD Nathaniel | E13: 0 | F13: 0 | G13: 0 | H13: 0 | I13: 0 | J13: 0 | K13: 0 | L13: 2 | M13: 0 | N13: 0 | O13: 0 | P13: 2 | Q13: 2 | R13: 1 | S13: 1 | T13: 1 | U13: 1 | V13: 0 | W13: 2 | X13: 1 | Y13: 2 | Z13: 2 | AA13: 2 | AB13: 2 | AC13: 2 | AD13: 1 | AE13: 0 | AF13: 0 | AG13: 2 | AH13: 1 | AK13: =E13+P13+Z13+AE13 -> 4 | AL13: =G13+M13+W13+AF13+J13 -> 2 | AM13: =F13+Q13+R13+AA13+AG13 -> 7 | AN13: =I13+N13+S13+U13+AB13+AD13 -> 5 | AO13: =K13+O13+T13+V13+X13+AC13 -> 4 | AP13: =H13+L13+Y13+AH13 -> 5 | AR13: =AK$2*AK13/(AK$3*2) -> 0.5 | AS13: =AL$2*AL13/(AL$3*2) -> 0.4 | AT13: =AM$2*AM13/(AM$3*2) -> 0.7 | AU13: =AN$2*AN13/(AN$3*2) -> 0.83333333 | AV13: =AO$2*AO13/(AO$3*2) -> 0.66666667 | AW13: =AP$2*AP13/(AP$3*2) -> 1.25 | AY13: =IF(AR13>=0.75*AK$2, AK$2,AR13) -> 0.5 | AZ13: =IF(AS13>=0.75*AL$2, AL$2,AS13) -> 0.4 | BA13: =IF(AT13>=0.75*AM$2, AM$2,AT13) -> 0.7 | BB13: =IF(AU13>=0.75*AN$2, AN$2,AU13) -> 0.83333333 | BC13: =IF(AV13>=0.75*AO$2, AO$2,AV13) -> 0.66666667 | BD13: =IF(AW13>=0.75*AP$2, AP$2,AW13) -> 1.25 | BF13: =SUM(AY13:BD13) -> 4.35 | BH13: =ROUNDUP(AY13/0.5,0)*0.5 -> 0.5 | BI13: =ROUNDUP(AZ13/0.5,0)*0.5 -> 0.5 | BJ13: =ROUNDUP(BA13/0.5,0)*0.5 -> 1 | BK13: =ROUNDUP(BB13/0.5,0)*0.5 -> 1 | BL13: =ROUNDUP(BC13/0.5,0)*0.5 -> 1 | BM13: =ROUNDUP(BD13/0.5,0)*0.5 -> 1.5 | BO13: =SUM(BH13:BM13) -> 5.5
A14: =A13+1 -> 10 | B14: COMBES Sinclair | E14: 1 | F14: 0 | G14: 0 | H14: 0 | I14: 0 | J14: 0 | K14: 0 | L14: 1 | M14: 0 | N14: 0 | O14: 0 | P14: 2 | Q14: 2 | R14: 0 | S14: 0 | T14: 0 | U14: 0 | V14: 0 | W14: 0 | X14: 0 | Y14: 0 | Z14: 0 | AA14: 0 | AB14: 0 | AC14: 0 | AD14: 0 | AE14: 0 | AF14: 0 | AG14: 0 | AH14: 0 | AK14: =E14+P14+Z14+AE14 -> 3 | AL14: =G14+M14+W14+AF14+J14 -> 0 | AM14: =F14+Q14+R14+AA14+AG14 -> 2 | AN14: =I14+N14+S14+U14+AB14+AD14 -> 0 | AO14: =K14+O14+T14+V14+X14+AC14 -> 0 | AP14: =H14+L14+Y14+AH14 -> 1 | AR14: =AK$2*AK14/(AK$3*2) -> 0.375 | AS14: =AL$2*AL14/(AL$3*2) -> 0 | AT14: =AM$2*AM14/(AM$3*2) -> 0.2 | AU14: =AN$2*AN14/(AN$3*2) -> 0 | AV14: =AO$2*AO14/(AO$3*2) -> 0 | AW14: =AP$2*AP14/(AP$3*2) -> 0.25 | AY14: =IF(AR14>=0.75*AK$2, AK$2,AR14) -> 0.375 | AZ14: =IF(AS14>=0.75*AL$2, AL$2,AS14) -> 0 | BA14: =IF(AT14>=0.75*AM$2, AM$2,AT14) -> 0.2 | BB14: =IF(AU14>=0.75*AN$2, AN$2,AU14) -> 0 | BC14: =IF(AV14>=0.75*AO$2, AO$2,AV14) -> 0 | BD14: =IF(AW14>=0.75*AP$2, AP$2,AW14) -> 0.25 | BF14: =SUM(AY14:BD14) -> 0.825 | BH14: =ROUNDUP(AY14/0.5,0)*0.5 -> 0.5 | BI14: =ROUNDUP(AZ14/0.5,0)*0.5 -> 0 | BJ14: =ROUNDUP(BA14/0.5,0)*0.5 -> 0.5 | BK14: =ROUNDUP(BB14/0.5,0)*0.5 -> 0 | BL14: =ROUNDUP(BC14/0.5,0)*0.5 -> 0 | BM14: =ROUNDUP(BD14/0.5,0)*0.5 -> 0.5 | BO14: =SUM(BH14:BM14) -> 1.5
A15: =A14+1 -> 11 | B15: EL BOUKHARI Khayfallah | E15: 2 | F15: 2 | G15: 0 | H15: 0 | I15: 0 | J15: 0 | K15: 0 | L15: 0 | M15: 0 | N15: 0 | O15: 0 | P15: 2 | Q15: 2 | R15: 2 | S15: 2 | T15: 2 | U15: 2 | V15: 0 | W15: 0 | X15: 0 | Y15: 0 | Z15: 2 | AA15: 2 | AB15: 1 | AC15: 1 | AD15: 0 | AE15: 0 | AF15: 1 | AG15: 1 | AH15: 1 | AK15: =E15+P15+Z15+AE15 -> 6 | AL15: =G15+M15+W15+AF15+J15 -> 1 | AM15: =F15+Q15+R15+AA15+AG15 -> 9 | AN15: =I15+N15+S15+U15+AB15+AD15 -> 5 | AO15: =K15+O15+T15+V15+X15+AC15 -> 3 | AP15: =H15+L15+Y15+AH15 -> 1 | AR15: =AK$2*AK15/(AK$3*2) -> 0.75 | AS15: =AL$2*AL15/(AL$3*2) -> 0.2 | AT15: =AM$2*AM15/(AM$3*2) -> 0.9 | AU15: =AN$2*AN15/(AN$3*2) -> 0.83333333 | AV15: =AO$2*AO15/(AO$3*2) -> 0.5 | AW15: =AP$2*AP15/(AP$3*2) -> 0.25 | AY15: =IF(AR15>=0.75*AK$2, AK$2,AR15) -> 1 | AZ15: =IF(AS15>=0.75*AL$2, AL$2,AS15) -> 0.2 | BA15: =IF(AT15>=0.75*AM$2, AM$2,AT15) -> 1 | BB15: =IF(AU15>=0.75*AN$2, AN$2,AU15) -> 0.83333333 | BC15: =IF(AV15>=0.75*AO$2, AO$2,AV15) -> 0.5 | BD15: =IF(AW15>=0.75*AP$2, AP$2,AW15) -> 0.25 | BF15: =SUM(AY15:BD15) -> 3.7833333 | BH15: =ROUNDUP(AY15/0.5,0)*0.5 -> 1 | BI15: =ROUNDUP(AZ15/0.5,0)*0.5 -> 0.5 | BJ15: =ROUNDUP(BA15/0.5,0)*0.5 -> 1 | BK15: =ROUNDUP(BB15/0.5,0)*0.5 -> 1 | BL15: =ROUNDUP(BC15/0.5,0)*0.5 -> 0.5 | BM15: =ROUNDUP(BD15/0.5,0)*0.5 -> 0.5 | BO15: =SUM(BH15:BM15) -> 4.5
A16: =A15+1 -> 12 | B16: ELEB Mark | E16: 1 | F16: 1 | G16: 2 | H16: 2 | I16: 0 | J16: 0 | K16: 0 | L16: 1 | M16: 0 | N16: 2 | O16: 0 | P16: 2 | Q16: 2 | R16: 1 | S16: 1 | T16: 2 | U16: 1 | V16: 2 | W16: 0 | X16: 0 | Y16: 0 | Z16: 2 | AA16: 2 | AB16: 1 | AC16: 1 | AD16: 0 | AE16: 0 | AF16: 1 | AG16: 2 | AH16: 2 | AK16: =E16+P16+Z16+AE16 -> 5 | AL16: =G16+M16+W16+AF16+J16 -> 3 | AM16: =F16+Q16+R16+AA16+AG16 -> 8 | AN16: =I16+N16+S16+U16+AB16+AD16 -> 5 | AO16: =K16+O16+T16+V16+X16+AC16 -> 5 | AP16: =H16+L16+Y16+AH16 -> 5 | AR16: =AK$2*AK16/(AK$3*2) -> 0.625 | AS16: =AL$2*AL16/(AL$3*2) -> 0.6 | AT16: =AM$2*AM16/(AM$3*2) -> 0.8 | AU16: =AN$2*AN16/(AN$3*2) -> 0.83333333 | AV16: =AO$2*AO16/(AO$3*2) -> 0.83333333 | AW16: =AP$2*AP16/(AP$3*2) -> 1.25 | AY16: =IF(AR16>=0.75*AK$2, AK$2,AR16) -> 0.625 | AZ16: =IF(AS16>=0.75*AL$2, AL$2,AS16) -> 0.6 | BA16: =IF(AT16>=0.75*AM$2, AM$2,AT16) -> 1 | BB16: =IF(AU16>=0.75*AN$2, AN$2,AU16) -> 0.83333333 | BC16: =IF(AV16>=0.75*AO$2, AO$2,AV16) -> 0.83333333 | BD16: =IF(AW16>=0.75*AP$2, AP$2,AW16) -> 1.25 | BF16: =SUM(AY16:BD16) -> 5.1416667 | BH16: =ROUNDUP(AY16/0.5,0)*0.5 -> 1 | BI16: =ROUNDUP(AZ16/0.5,0)*0.5 -> 1 | BJ16: =ROUNDUP(BA16/0.5,0)*0.5 -> 1 | BK16: =ROUNDUP(BB16/0.5,0)*0.5 -> 1 | BL16: =ROUNDUP(BC16/0.5,0)*0.5 -> 1 | BM16: =ROUNDUP(BD16/0.5,0)*0.5 -> 1.5 | BO16: =SUM(BH16:BM16) -> 6.5
A17: =A16+1 -> 13 | B17: FACCINI Adrien | E17: 0 | F17: 0 | G17: 2 | H17: 2 | I17: 0 | J17: 0 | K17: 0 | L17: 1 | M17: 0 | N17: 2 | O17: 0 | P17: 2 | Q17: 2 | R17: 0 | S17: 0 | T17: 0 | U17: 0 | V17: 0 | W17: 1 | X17: 0 | Y17: 0 | Z17: 1 | AA17: 1 | AB17: 2 | AC17: 2 | AD17: 1 | AE17: 1 | AF17: 0 | AG17: 1 | AH17: 2 | AK17: =E17+P17+Z17+AE17 -> 4 | AL17: =G17+M17+W17+AF17+J17 -> 3 | AM17: =F17+Q17+R17+AA17+AG17 -> 4 | AN17: =I17+N17+S17+U17+AB17+AD17 -> 5 | AO17: =K17+O17+T17+V17+X17+AC17 -> 2 | AP17: =H17+L17+Y17+AH17 -> 5 | AR17: =AK$2*AK17/(AK$3*2) -> 0.5 | AS17: =AL$2*AL17/(AL$3*2) -> 0.6 | AT17: =AM$2*AM17/(AM$3*2) -> 0.4 | AU17: =AN$2*AN17/(AN$3*2) -> 0.83333333 | AV17: =AO$2*AO17/(AO$3*2) -> 0.33333333 | AW17: =AP$2*AP17/(AP$3*2) -> 1.25 | AY17: =IF(AR17>=0.75*AK$2, AK$2,AR17) -> 0.5 | AZ17: =IF(AS17>=0.75*AL$2, AL$2,AS17) -> 0.6 | BA17: =IF(AT17>=0.75*AM$2, AM$2,AT17) -> 0.4 | BB17: =IF(AU17>=0.75*AN$2, AN$2,AU17) -> 0.83333333 | BC17: =IF(AV17>=0.75*AO$2, AO$2,AV17) -> 0.33333333 | BD17: =IF(AW17>=0.75*AP$2, AP$2,AW17) -> 1.25 | BF17: =SUM(AY17:BD17) -> 3.9166667 | BH17: =ROUNDUP(AY17/0.5,0)*0.5 -> 0.5 | BI17: =ROUNDUP(AZ17/0.5,0)*0.5 -> 1 | BJ17: =ROUNDUP(BA17/0.5,0)*0.5 -> 0.5 | BK17: =ROUNDUP(BB17/0.5,0)*0.5 -> 1 | BL17: =ROUNDUP(BC17/0.5,0)*0.5 -> 0.5 | BM17: =ROUNDUP(BD17/0.5,0)*0.5 -> 1.5 | BO17: =SUM(BH17:BM17) -> 5
... A20: =A19+1 -> 16 | B20: JABELKHAYR Hatim | E20: 1 | F20: 1 | G20: 2 | H20: 0 | I20: 0 | J20: 0 | K20: 0 | L20: 0 | M20: 0 | N20: 0 | O20: 1 | P20: 1 | Q20: 1 | R20: 1 | S20: 1 | T20: 0 | U20: 0 | V20: 0 | W20: 1 | X20: 0 | Y20: 0 | Z20: 2 | AA20: 2 | AB20: 1 | AC20: 1 | AD20: 0 | AE20: 0 | AF20: 0 | AG20: 1 | AH20: 1 | AK20: =E20+P20+Z20+AE20 -> 4 | AL20: =G20+M20+W20+AF20+J20 -> 3 | AM20: =F20+Q20+R20+AA20+AG20 -> 6 | AN20: =I20+N20+S20+U20+AB20+AD20 -> 2 | AO20: =K20+O20+T20+V20+X20+AC20 -> 2 | AP20: =H20+L20+Y20+AH20 -> 1 | AR20: =AK$2*AK20/(AK$3*2) -> 0.5 | AS20: =AL$2*AL20/(AL$3*2) -> 0.6 | AT20: =AM$2*AM20/(AM$3*2) -> 0.6 | AU20: =AN$2*AN20/(AN$3*2) -> 0.33333333 | AV20: =AO$2*AO20/(AO$3*2) -> 0.33333333 | AW20: =AP$2*AP20/(AP$3*2) -> 0.25 | AY20: =IF(AR20>=0.75*AK$2, AK$2,AR20) -> 0.5 | AZ20: =IF(AS20>=0.75*AL$2, AL$2,AS20) -> 0.6 | BA20: =IF(AT20>=0.75*AM$2, AM$2,AT20) -> 0.6 | BB20: =IF(AU20>=0.75*AN$2, AN$2,AU20) -> 0.33333333 | BC20: =IF(AV20>=0.75*AO$2, AO$2,AV20) -> 0.33333333 | BD20: =IF(AW20>=0.75*AP$2, AP$2,AW20) -> 0.25 | BF20: =SUM(AY20:BD20) -> 2.6166667 | BH20: =ROUNDUP(AY20/0.5,0)*0.5 -> 0.5 | BI20: =ROUNDUP(AZ20/0.5,0)*0.5 -> 1 | BJ20: =ROUNDUP(BA20/0.5,0)*0.5 -> 1 | BK20: =ROUNDUP(BB20/0.5,0)*0.5 -> 0.5 | BL20: =ROUNDUP(BC20/0.5,0)*0.5 -> 0.5 | BM20: =ROUNDUP(BD20/0.5,0)*0.5 -> 0.5 | BO20: =SUM(BH20:BM20) -> 4
A21: =A20+1 -> 17 | B21: JOUE--CREITER Lukas | E21: 0 | F21: 0 | G21: 2 | H21: 2 | I21: 2 | J21: 0 | K21: 0 | L21: 1 | M21: 0 | N21: 0 | O21: 0 | P21: 2 | Q21: 2 | R21: 1 | S21: 2 | T21: 2 | U21: 2 | V21: 0 | W21: 1 | X21: 0 | Y21: 2 | Z21: 0 | AA21: 0 | AB21: 0 | AD21: 0 | AE21: 0 | AF21: 2 | AG21: 1 | AH21: 2 | AK21: =E21+P21+Z21+AE21 -> 2 | AL21: =G21+M21+W21+AF21+J21 -> 5 | AM21: =F21+Q21+R21+AA21+AG21 -> 4 | AN21: =I21+N21+S21+U21+AB21+AD21 -> 6 | AO21: =K21+O21+T21+V21+X21+AC21 -> 2 | AP21: =H21+L21+Y21+AH21 -> 7 | AR21: =AK$2*AK21/(AK$3*2) -> 0.25 | AS21: =AL$2*AL21/(AL$3*2) -> 1 | AT21: =AM$2*AM21/(AM$3*2) -> 0.4 | AU21: =AN$2*AN21/(AN$3*2) -> 1 | AV21: =AO$2*AO21/(AO$3*2) -> 0.33333333 | AW21: =AP$2*AP21/(AP$3*2) -> 1.75 | AY21: =IF(AR21>=0.75*AK$2, AK$2,AR21) -> 0.25 | AZ21: =IF(AS21>=0.75*AL$2, AL$2,AS21) -> 1 | BA21: =IF(AT21>=0.75*AM$2, AM$2,AT21) -> 0.4 | BB21: =IF(AU21>=0.75*AN$2, AN$2,AU21) -> 1 | BC21: =IF(AV21>=0.75*AO$2, AO$2,AV21) -> 0.33333333 | BD21: =IF(AW21>=0.75*AP$2, AP$2,AW21) -> 2 | BF21: =SUM(AY21:BD21) -> 4.9833333 | BH21: =ROUNDUP(AY21/0.5,0)*0.5 -> 0.5 | BI21: =ROUNDUP(AZ21/0.5,0)*0.5 -> 1 | BJ21: =ROUNDUP(BA21/0.5,0)*0.5 -> 0.5 | BK21: =ROUNDUP(BB21/0.5,0)*0.5 -> 1 | BL21: =ROUNDUP(BC21/0.5,0)*0.5 -> 0.5 | BM21: =ROUNDUP(BD21/0.5,0)*0.5 -> 2 | BO21: =SUM(BH21:BM21) -> 5.5
A22: =A21+1 -> 18 | B22: JUDE Stephan | E22: 0 | F22: 0 | G22: 2 | H22: 2 | I22: 0 | J22: 0 | K22: 0 | L22: 0 | M22: 0 | N22: 0 | O22: 0 | P22: 2 | Q22: 2 | R22: 2 | S22: 2 | T22: 0 | U22: 0 | V22: 0 | W22: 0 | X22: 0 | Y22: 0 | Z22: 2 | AA22: 2 | AB22: 1 | AC22: 1 | AD22: 0 | AE22: 0 | AF22: 0 | AG22: 0 | AH22: 0 | AK22: =E22+P22+Z22+AE22 -> 4 | AL22: =G22+M22+W22+AF22+J22 -> 2 | AM22: =F22+Q22+R22+AA22+AG22 -> 6 | AN22: =I22+N22+S22+U22+AB22+AD22 -> 3 | AO22: =K22+O22+T22+V22+X22+AC22 -> 1 | AP22: =H22+L22+Y22+AH22 -> 2 | AR22: =AK$2*AK22/(AK$3*2) -> 0.5 | AS22: =AL$2*AL22/(AL$3*2) -> 0.4 | AT22: =AM$2*AM22/(AM$3*2) -> 0.6 | AU22: =AN$2*AN22/(AN$3*2) -> 0.5 | AV22: =AO$2*AO22/(AO$3*2) -> 0.16666667 | AW22: =AP$2*AP22/(AP$3*2) -> 0.5 | AY22: =IF(AR22>=0.75*AK$2, AK$2,AR22) -> 0.5 | AZ22: =IF(AS22>=0.75*AL$2, AL$2,AS22) -> 0.4 | BA22: =IF(AT22>=0.75*AM$2, AM$2,AT22) -> 0.6 | BB22: =IF(AU22>=0.75*AN$2, AN$2,AU22) -> 0.5 | BC22: =IF(AV22>=0.75*AO$2, AO$2,AV22) -> 0.16666667 | BD22: =IF(AW22>=0.75*AP$2, AP$2,AW22) -> 0.5 | BF22: =SUM(AY22:BD22) -> 2.6666667 | BH22: =ROUNDUP(AY22/0.5,0)*0.5 -> 0.5 | BI22: =ROUNDUP(AZ22/0.5,0)*0.5 -> 0.5 | BJ22: =ROUNDUP(BA22/0.5,0)*0.5 -> 1 | BK22: =ROUNDUP(BB22/0.5,0)*0.5 -> 0.5 | BL22: =ROUNDUP(BC22/0.5,0)*0.5 -> 0.5 | BM22: =ROUNDUP(BD22/0.5,0)*0.5 -> 0.5 | BO22: =SUM(BH22:BM22) -> 3.5
A23: =A22+1 -> 19 | B23: KADRI Elias | E23: 1 | F23: 0 | G23: 0 | H23: 2 | I23: 0 | J23: 0 | K23: 0 | L23: 0 | M23: 0 | N23: 0 | O23: 0 | P23: 2 | Q23: 2 | R23: 0 | S23: 0 | T23: 0 | U23: 0 | V23: 0 | W23: 0 | X23: 0 | Y23: 0 | Z23: 0 | AA23: 0 | AB23: 0 | AC23: 0 | AD23: 0 | AE23: 0 | AF23: 0 | AG23: 0 | AH23: 0 | AK23: =E23+P23+Z23+AE23 -> 3 | AL23: =G23+M23+W23+AF23+J23 -> 0 | AM23: =F23+Q23+R23+AA23+AG23 -> 2 | AN23: =I23+N23+S23+U23+AB23+AD23 -> 0 | AO23: =K23+O23+T23+V23+X23+AC23 -> 0 | AP23: =H23+L23+Y23+AH23 -> 2 | AR23: =AK$2*AK23/(AK$3*2) -> 0.375 | AS23: =AL$2*AL23/(AL$3*2) -> 0 | AT23: =AM$2*AM23/(AM$3*2) -> 0.2 | AU23: =AN$2*AN23/(AN$3*2) -> 0 | AV23: =AO$2*AO23/(AO$3*2) -> 0 | AW23: =AP$2*AP23/(AP$3*2) -> 0.5 | AY23: =IF(AR23>=0.75*AK$2, AK$2,AR23) -> 0.375 | AZ23: =IF(AS23>=0.75*AL$2, AL$2,AS23) -> 0 | BA23: =IF(AT23>=0.75*AM$2, AM$2,AT23) -> 0.2 | BB23: =IF(AU23>=0.75*AN$2, AN$2,AU23) -> 0 | BC23: =IF(AV23>=0.75*AO$2, AO$2,AV23) -> 0 | BD23: =IF(AW23>=0.75*AP$2, AP$2,AW23) -> 0.5 | BF23: =SUM(AY23:BD23) -> 1.075 | BH23: =ROUNDUP(AY23/0.5,0)*0.5 -> 0.5 | BI23: =ROUNDUP(AZ23/0.5,0)*0.5 -> 0 | BJ23: =ROUNDUP(BA23/0.5,0)*0.5 -> 0.5 | BK23: =ROUNDUP(BB23/0.5,0)*0.5 -> 0 | BL23: =ROUNDUP(BC23/0.5,0)*0.5 -> 0 | BM23: =ROUNDUP(BD23/0.5,0)*0.5 -> 0.5 | BO23: =SUM(BH23:BM23) -> 1.5
A24: =A23+1 -> 20 | B24: KHADIRI Abd el Ali | E24: 1 | F24: 1 | G24: 2 | H24: 0 | I24: 0 | J24: 0 | K24: 0 | L24: 1 | M24: 0 | N24: 0 | O24: 0 | P24: 1 | Q24: 1 | R24: 2 | S24: 1 | T24: 2 | U24: 2 | V24: 0 | W24: 0 | X24: 0 | Y24: 0 | Z24: 0 | AA24: 0 | AB24: 2 | AC24: 2 | AD24: 0 | AE24: 0 | AF24: 0 | AG24: 0 | AH24: 0 | AK24: =E24+P24+Z24+AE24 -> 2 | AL24: =G24+M24+W24+AF24+J24 -> 2 | AM24: =F24+Q24+R24+AA24+AG24 -> 4 | AN24: =I24+N24+S24+U24+AB24+AD24 -> 5 | AO24: =K24+O24+T24+V24+X24+AC24 -> 4 | AP24: =H24+L24+Y24+AH24 -> 1 | AR24: =AK$2*AK24/(AK$3*2) -> 0.25 | AS24: =AL$2*AL24/(AL$3*2) -> 0.4 | AT24: =AM$2*AM24/(AM$3*2) -> 0.4 | AU24: =AN$2*AN24/(AN$3*2) -> 0.83333333 | AV24: =AO$2*AO24/(AO$3*2) -> 0.66666667 | AW24: =AP$2*AP24/(AP$3*2) -> 0.25 | AY24: =IF(AR24>=0.75*AK$2, AK$2,AR24) -> 0.25 | AZ24: =IF(AS24>=0.75*AL$2, AL$2,AS24) -> 0.4 | BA24: =IF(AT24>=0.75*AM$2, AM$2,AT24) -> 0.4 | BB24: =IF(AU24>=0.75*AN$2, AN$2,AU24) -> 0.83333333 | BC24: =IF(AV24>=0.75*AO$2, AO$2,AV24) -> 0.66666667 | BD24: =IF(AW24>=0.75*AP$2, AP$2,AW24) -> 0.25 | BF24: =SUM(AY24:BD24) -> 2.8 | BH24: =ROUNDUP(AY24/0.5,0)*0.5 -> 0.5 | BI24: =ROUNDUP(AZ24/0.5,0)*0.5 -> 0.5 | BJ24: =ROUNDUP(BA24/0.5,0)*0.5 -> 0.5 | BK24: =ROUNDUP(BB24/0.5,0)*0.5 -> 1 | BL24: =ROUNDUP(BC24/0.5,0)*0.5 -> 1 | BM24: =ROUNDUP(BD24/0.5,0)*0.5 -> 0.5 | BO24: =SUM(BH24:BM24) -> 4
B25: MAZABRAUD | E25: 1 | F25: 1 | G25: 0 | H25: 0 | I25: 0 | J25: 0 | K25: 0 | L25: 0 | M25: 0 | N25: 2 | O25: 0 | P25: 2 | Q25: 2 | R25: 0 | S25: 2 | T25: 0 | U25: 1 | V25: 2 | W25: 2 | X25: 2 | Y25: 2 | Z25: 2 | AA25: 2 | AB25: 2 | AC25: 1 | AD25: 1 | AE25: 0 | AF25: 2 | AG25: 1 | AH25: 1 | AK25: =E25+P25+Z25+AE25 -> 5 | AL25: =G25+M25+W25+AF25+J25 -> 4 | AM25: =F25+Q25+R25+AA25+AG25 -> 6 | AN25: =I25+N25+S25+U25+AB25+AD25 -> 8 | AO25: =K25+O25+T25+V25+X25+AC25 -> 5 | AP25: =H25+L25+Y25+AH25 -> 3 | AR25: =AK$2*AK25/(AK$3*2) -> 0.625 | AS25: =AL$2*AL25/(AL$3*2) -> 0.8 | AT25: =AM$2*AM25/(AM$3*2) -> 0.6 | AU25: =AN$2*AN25/(AN$3*2) -> 1.3333333 | AV25: =AO$2*AO25/(AO$3*2) -> 0.83333333 | AW25: =AP$2*AP25/(AP$3*2) -> 0.75 | AY25: =IF(AR25>=0.75*AK$2, AK$2,AR25) -> 0.625 | AZ25: =IF(AS25>=0.75*AL$2, AL$2,AS25) -> 0.8 | BA25: =IF(AT25>=0.75*AM$2, AM$2,AT25) -> 0.6 | BB25: =IF(AU25>=0.75*AN$2, AN$2,AU25) -> 1.3333333 | BC25: =IF(AV25>=0.75*AO$2, AO$2,AV25) -> 0.83333333 | BD25: =IF(AW25>=0.75*AP$2, AP$2,AW25) -> 0.75 | BF25: =SUM(AY25:BD25) -> 4.9416667 | BH25: =ROUNDUP(AY25/0.5,0)*0.5 -> 1 | BI25: =ROUNDUP(AZ25/0.5,0)*0.5 -> 1 | BJ25: =ROUNDUP(BA25/0.5,0)*0.5 -> 1 | BK25: =ROUNDUP(BB25/0.5,0)*0.5 -> 1.5 | BL25: =ROUNDUP(BC25/0.5,0)*0.5 -> 1 | BM25: =ROUNDUP(BD25/0.5,0)*0.5 -> 1 | BO25: =SUM(BH25:BM25) -> 6.5
A26: =A24+1 -> 21 | B26: MORAGLIA Lowan | E26: 2 | F26: 2 | G26: 2 | H26: 2 | I26: 2 | J26: 0 | K26: 0 | L26: 2 | M26: 2 | N26: 2 | O26: 0 | P26: 2 | Q26: 2 | R26: 1 | S26: 2 | T26: 2 | U26: 2 | V26: 2 | W26: 2 | X26: 1 | Y26: 2 | Z26: 2 | AA26: 2 | AB26: 2 | AC26: 2 | AD26: 0 | AE26: 0 | AF26: 0 | AG26: 0 | AH26: 0 | AK26: =E26+P26+Z26+AE26 -> 6 | AL26: =G26+M26+W26+AF26+J26 -> 6 | AM26: =F26+Q26+R26+AA26+AG26 -> 7 | AN26: =I26+N26+S26+U26+AB26+AD26 -> 10 | AO26: =K26+O26+T26+V26+X26+AC26 -> 7 | AP26: =H26+L26+Y26+AH26 -> 6 | AR26: =AK$2*AK26/(AK$3*2) -> 0.75 | AS26: =AL$2*AL26/(AL$3*2) -> 1.2 | AT26: =AM$2*AM26/(AM$3*2) -> 0.7 | AU26: =AN$2*AN26/(AN$3*2) -> 1.6666667 | AV26: =AO$2*AO26/(AO$3*2) -> 1.1666667 | AW26: =AP$2*AP26/(AP$3*2) -> 1.5 | AY26: =IF(AR26>=0.75*AK$2, AK$2,AR26) -> 1 | AZ26: =IF(AS26>=0.75*AL$2, AL$2,AS26) -> 1.2 | BA26: =IF(AT26>=0.75*AM$2, AM$2,AT26) -> 0.7 | BB26: =IF(AU26>=0.75*AN$2, AN$2,AU26) -> 2 | BC26: =IF(AV26>=0.75*AO$2, AO$2,AV26) -> 1.1666667 | BD26: =IF(AW26>=0.75*AP$2, AP$2,AW26) -> 2 | BF26: =SUM(AY26:BD26) -> 8.0666667 | BH26: =ROUNDUP(AY26/0.5,0)*0.5 -> 1 | BI26: =ROUNDUP(AZ26/0.5,0)*0.5 -> 1.5 | BJ26: =ROUNDUP(BA26/0.5,0)*0.5 -> 1 | BK26: =ROUNDUP(BB26/0.5,0)*0.5 -> 2 | BL26: =ROUNDUP(BC26/0.5,0)*0.5 -> 1.5 | BM26: =ROUNDUP(BD26/0.5,0)*0.5 -> 2 | BO26: =SUM(BH26:BM26) -> 9
A27: =A26+1 -> 22 | B27: MOREAU Jean | E27: 1 | F27: 1 | G27: 2 | H27: 2 | I27: 0 | J27: 0 | K27: 0 | L27: 2 | M27: 0 | N27: 2 | O27: 0 | P27: 2 | Q27: 2 | R27: 1 | S27: 0 | T27: 0 | U27: 0 | V27: 0 | W27: 0 | X27: 0 | Y27: 0 | Z27: 0 | AA27: 0 | AB27: 1 | AC27: 0 | AD27: 0 | AE27: 0 | AF27: 0 | AG27: 0 | AH27: 0 | AK27: =E27+P27+Z27+AE27 -> 3 | AL27: =G27+M27+W27+AF27+J27 -> 2 | AM27: =F27+Q27+R27+AA27+AG27 -> 4 | AN27: =I27+N27+S27+U27+AB27+AD27 -> 3 | AO27: =K27+O27+T27+V27+X27+AC27 -> 0 | AP27: =H27+L27+Y27+AH27 -> 4 | AR27: =AK$2*AK27/(AK$3*2) -> 0.375 | AS27: =AL$2*AL27/(AL$3*2) -> 0.4 | AT27: =AM$2*AM27/(AM$3*2) -> 0.4 | AU27: =AN$2*AN27/(AN$3*2) -> 0.5 | AV27: =AO$2*AO27/(AO$3*2) -> 0 | AW27: =AP$2*AP27/(AP$3*2) -> 1 | AY27: =IF(AR27>=0.75*AK$2, AK$2,AR27) -> 0.375 | AZ27: =IF(AS27>=0.75*AL$2, AL$2,AS27) -> 0.4 | BA27: =IF(AT27>=0.75*AM$2, AM$2,AT27) -> 0.4 | BB27: =IF(AU27>=0.75*AN$2, AN$2,AU27) -> 0.5 | BC27: =IF(AV27>=0.75*AO$2, AO$2,AV27) -> 0 | BD27: =IF(AW27>=0.75*AP$2, AP$2,AW27) -> 1 | BF27: =SUM(AY27:BD27) -> 2.675 | BH27: =ROUNDUP(AY27/0.5,0)*0.5 -> 0.5 | BI27: =ROUNDUP(AZ27/0.5,0)*0.5 -> 0.5 | BJ27: =ROUNDUP(BA27/0.5,0)*0.5 -> 0.5 | BK27: =ROUNDUP(BB27/0.5,0)*0.5 -> 0.5 | BL27: =ROUNDUP(BC27/0.5,0)*0.5 -> 0 | BM27: =ROUNDUP(BD27/0.5,0)*0.5 -> 1 | BO27: =SUM(BH27:BM27) -> 3
A28: =A27+1 -> 23 | B28: NGUEDAM Kiara | E28: 1 | F28: 1 | G28: 0 | H28: 2 | I28: 0 | J28: 0 | K28: 0 | L28: 0 | M28: 0 | N28: 2 | O28: 0 | P28: 2 | Q28: 2 | R28: 2 | S28: 2 | T28: 2 | U28: 2 | V28: 2 | W28: 2 | X28: 1 | Y28: 2 | Z28: 2 | AA28: 2 | AB28: 2 | AC28: 2 | AD28: 1 | AE28: 1 | AF28: 0 | AG28: 2 | AH28: 2 | AK28: =E28+P28+Z28+AE28 -> 6 | AL28: =G28+M28+W28+AF28+J28 -> 2 | AM28: =F28+Q28+R28+AA28+AG28 -> 9 | AN28: =I28+N28+S28+U28+AB28+AD28 -> 9 | AO28: =K28+O28+T28+V28+X28+AC28 -> 7 | AP28: =H28+L28+Y28+AH28 -> 6 | AR28: =AK$2*AK28/(AK$3*2) -> 0.75 | AS28: =AL$2*AL28/(AL$3*2) -> 0.4 | AT28: =AM$2*AM28/(AM$3*2) -> 0.9 | AU28: =AN$2*AN28/(AN$3*2) -> 1.5 | AV28: =AO$2*AO28/(AO$3*2) -> 1.1666667 | AW28: =AP$2*AP28/(AP$3*2) -> 1.5 | AY28: =IF(AR28>=0.75*AK$2, AK$2,AR28) -> 1 | AZ28: =IF(AS28>=0.75*AL$2, AL$2,AS28) -> 0.4 | BA28: =IF(AT28>=0.75*AM$2, AM$2,AT28) -> 1 | BB28: =IF(AU28>=0.75*AN$2, AN$2,AU28) -> 2 | BC28: =IF(AV28>=0.75*AO$2, AO$2,AV28) -> 1.1666667 | BD28: =IF(AW28>=0.75*AP$2, AP$2,AW28) -> 2 | BF28: =SUM(AY28:BD28) -> 7.5666667 | BH28: =ROUNDUP(AY28/0.5,0)*0.5 -> 1 | BI28: =ROUNDUP(AZ28/0.5,0)*0.5 -> 0.5 | BJ28: =ROUNDUP(BA28/0.5,0)*0.5 -> 1 | BK28: =ROUNDUP(BB28/0.5,0)*0.5 -> 2 | BL28: =ROUNDUP(BC28/0.5,0)*0.5 -> 1.5 | BM28: =ROUNDUP(BD28/0.5,0)*0.5 -> 2 | BO28: =SUM(BH28:BM28) -> 8
A29: =A28+1 -> 24 | B29: RIBEIRO Diala | E29: 2 | F29: 2 | G29: 2 | H29: 2 | I29: 2 | J29: 0 | K29: 0 | L29: 0 | M29: 0 | N29: 2 | O29: 0 | P29: 1 | Q29: 1 | R29: 0 | S29: 1 | T29: 0 | U29: 2 | V29: 2 | W29: 0 | X29: 0 | Y29: 0 | Z29: 2 | AA29: 2 | AB29: 2 | AC29: 1 | AD29: 0 | AE29: 0 | AF29: 0 | AG29: 0 | AH29: 0 | AK29: =E29+P29+Z29+AE29 -> 5 | AL29: =G29+M29+W29+AF29+J29 -> 2 | AM29: =F29+Q29+R29+AA29+AG29 -> 5 | AN29: =I29+N29+S29+U29+AB29+AD29 -> 9 | AO29: =K29+O29+T29+V29+X29+AC29 -> 3 | AP29: =H29+L29+Y29+AH29 -> 2 | AR29: =AK$2*AK29/(AK$3*2) -> 0.625 | AS29: =AL$2*AL29/(AL$3*2) -> 0.4 | AT29: =AM$2*AM29/(AM$3*2) -> 0.5 | AU29: =AN$2*AN29/(AN$3*2) -> 1.5 | AV29: =AO$2*AO29/(AO$3*2) -> 0.5 | AW29: =AP$2*AP29/(AP$3*2) -> 0.5 | AY29: =IF(AR29>=0.75*AK$2, AK$2,AR29) -> 0.625 | AZ29: =IF(AS29>=0.75*AL$2, AL$2,AS29) -> 0.4 | BA29: =IF(AT29>=0.75*AM$2, AM$2,AT29) -> 0.5 | BB29: =IF(AU29>=0.75*AN$2, AN$2,AU29) -> 2 | BC29: =IF(AV29>=0.75*AO$2, AO$2,AV29) -> 0.5 | BD29: =IF(AW29>=0.75*AP$2, AP$2,AW29) -> 0.5 | BF29: =SUM(AY29:BD29) -> 4.525 | BH29: =ROUNDUP(AY29/0.5,0)*0.5 -> 1 | BI29: =ROUNDUP(AZ29/0.5,0)*0.5 -> 0.5 | BJ29: =ROUNDUP(BA29/0.5,0)*0.5 -> 0.5 | BK29: =ROUNDUP(BB29/0.5,0)*0.5 -> 2 | BL29: =ROUNDUP(BC29/0.5,0)*0.5 -> 0.5 | BM29: =ROUNDUP(BD29/0.5,0)*0.5 -> 0.5 | BO29: =SUM(BH29:BM29) -> 5
A30: =A29+1 -> 25 | B30: RODRIGUES Leandro | E30: 1 | F30: 1 | G30: 2 | H30: 2 | I30: 2 | J30: 0 | K30: 0 | L30: 1 | M30: 0 | N30: 0 | O30: 0 | P30: 2 | Q30: 2 | R30: 0 | S30: 0 | T30: 0 | U30: 0 | V30: 0 | W30: 0 | X30: 0 | Y30: 0 | Z30: 0 | AA30: 0 | AB30: 0 | AC30: 0 | AD30: 0 | AE30: 0 | AF30: 1 | AG30: 1 | AH30: 1 | AK30: =E30+P30+Z30+AE30 -> 3 | AL30: =G30+M30+W30+AF30+J30 -> 3 | AM30: =F30+Q30+R30+AA30+AG30 -> 4 | AN30: =I30+N30+S30+U30+AB30+AD30 -> 2 | AO30: =K30+O30+T30+V30+X30+AC30 -> 0 | AP30: =H30+L30+Y30+AH30 -> 4 | AR30: =AK$2*AK30/(AK$3*2) -> 0.375 | AS30: =AL$2*AL30/(AL$3*2) -> 0.6 | AT30: =AM$2*AM30/(AM$3*2) -> 0.4 | AU30: =AN$2*AN30/(AN$3*2) -> 0.33333333 | AV30: =AO$2*AO30/(AO$3*2) -> 0 | AW30: =AP$2*AP30/(AP$3*2) -> 1 | AY30: =IF(AR30>=0.75*AK$2, AK$2,AR30) -> 0.375 | AZ30: =IF(AS30>=0.75*AL$2, AL$2,AS30) -> 0.6 | BA30: =IF(AT30>=0.75*AM$2, AM$2,AT30) -> 0.4 | BB30: =IF(AU30>=0.75*AN$2, AN$2,AU30) -> 0.33333333 | BC30: =IF(AV30>=0.75*AO$2, AO$2,AV30) -> 0 | BD30: =IF(AW30>=0.75*AP$2, AP$2,AW30) -> 1 | BF30: =SUM(AY30:BD30) -> 2.7083333 | BH30: =ROUNDUP(AY30/0.5,0)*0.5 -> 0.5 | BI30: =ROUNDUP(AZ30/0.5,0)*0.5 -> 1 | BJ30: =ROUNDUP(BA30/0.5,0)*0.5 -> 0.5 | BK30: =ROUNDUP(BB30/0.5,0)*0.5 -> 0.5 | BL30: =ROUNDUP(BC30/0.5,0)*0.5 -> 0 | BM30: =ROUNDUP(BD30/0.5,0)*0.5 -> 1 | BO30: =SUM(BH30:BM30) -> 3.5
A31: =A30+1 -> 26 | B31: SEGUY Axel | E31: 0 | F31: 0 | G31: 0 | H31: 0 | I31: 0 | J31: 0 | K31: 0 | L31: 0 | M31: 0 | N31: 2 | O31: 0 | P31: 2 | Q31: 2 | R31: 1 | S31: 2 | T31: 0 | U31: 2 | V31: 0 | W31: 0 | X31: 0 | Y31: 0 | Z31: 2 | AA31: 2 | AB31: 2 | AC31: 2 | AD31: 1 | AE31: 0 | AF31: 2 | AG31: 1 | AH31: 1 | AK31: =E31+P31+Z31+AE31 -> 4 | AL31: =G31+M31+W31+AF31+J31 -> 2 | AM31: =F31+Q31+R31+AA31+AG31 -> 6 | AN31: =I31+N31+S31+U31+AB31+AD31 -> 9 | AO31: =K31+O31+T31+V31+X31+AC31 -> 2 | AP31: =H31+L31+Y31+AH31 -> 1 | AR31: =AK$2*AK31/(AK$3*2) -> 0.5 | AS31: =AL$2*AL31/(AL$3*2) -> 0.4 | AT31: =AM$2*AM31/(AM$3*2) -> 0.6 | AU31: =AN$2*AN31/(AN$3*2) -> 1.5 | AV31: =AO$2*AO31/(AO$3*2) -> 0.33333333 | AW31: =AP$2*AP31/(AP$3*2) -> 0.25 | AY31: =IF(AR31>=0.75*AK$2, AK$2,AR31) -> 0.5 | AZ31: =IF(AS31>=0.75*AL$2, AL$2,AS31) -> 0.4 | BA31: =IF(AT31>=0.75*AM$2, AM$2,AT31) -> 0.6 | BB31: =IF(AU31>=0.75*AN$2, AN$2,AU31) -> 2 | BC31: =IF(AV31>=0.75*AO$2, AO$2,AV31) -> 0.33333333 | BD31: =IF(AW31>=0.75*AP$2, AP$2,AW31) -> 0.25 | BF31: =SUM(AY31:BD31) -> 4.0833333 | BH31: =ROUNDUP(AY31/0.5,0)*0.5 -> 0.5 | BI31: =ROUNDUP(AZ31/0.5,0)*0.5 -> 0.5 | BJ31: =ROUNDUP(BA31/0.5,0)*0.5 -> 1 | BK31: =ROUNDUP(BB31/0.5,0)*0.5 -> 2 | BL31: =ROUNDUP(BC31/0.5,0)*0.5 -> 0.5 | BM31: =ROUNDUP(BD31/0.5,0)*0.5 -> 0.5 | BO31: =SUM(BH31:BM31) -> 5
A32: =A31+1 -> 27 | B32: TRESMONTAN Jordan | E32: 2 | F32: 2 | G32: 2 | H32: 2 | I32: 2 | J32: 1 | K32: 0 | L32: 2 | M32: 2 | N32: 2 | O32: 1 | P32: 2 | Q32: 2 | R32: 2 | S32: 2 | T32: 2 | U32: 1 | V32: 2 | W32: 2 | X32: 2 | Y32: 0 | Z32: 2 | AA32: 1 | AB32: 0 | AC32: 0 | AD32: 1 | AE32: 0 | AF32: 1 | AG32: 2 | AH32: 2 | AK32: =E32+P32+Z32+AE32 -> 6 | AL32: =G32+M32+W32+AF32+J32 -> 8 | AM32: =F32+Q32+R32+AA32+AG32 -> 9 | AN32: =I32+N32+S32+U32+AB32+AD32 -> 8 | AO32: =K32+O32+T32+V32+X32+AC32 -> 7 | AP32: =H32+L32+Y32+AH32 -> 6 | AR32: =AK$2*AK32/(AK$3*2) -> 0.75 | AS32: =AL$2*AL32/(AL$3*2) -> 1.6 | AT32: =AM$2*AM32/(AM$3*2) -> 0.9 | AU32: =AN$2*AN32/(AN$3*2) -> 1.3333333 | AV32: =AO$2*AO32/(AO$3*2) -> 1.1666667 | AW32: =AP$2*AP32/(AP$3*2) -> 1.5 | AY32: =IF(AR32>=0.75*AK$2, AK$2,AR32) -> 1 | AZ32: =IF(AS32>=0.75*AL$2, AL$2,AS32) -> 2 | BA32: =IF(AT32>=0.75*AM$2, AM$2,AT32) -> 1 | BB32: =IF(AU32>=0.75*AN$2, AN$2,AU32) -> 1.3333333 | BC32: =IF(AV32>=0.75*AO$2, AO$2,AV32) -> 1.1666667 | BD32: =IF(AW32>=0.75*AP$2, AP$2,AW32) -> 2 | BF32: =SUM(AY32:BD32) -> 8.5 | BH32: =ROUNDUP(AY32/0.5,0)*0.5 -> 1 | BI32: =ROUNDUP(AZ32/0.5,0)*0.5 -> 2 | BJ32: =ROUNDUP(BA32/0.5,0)*0.5 -> 1 | BK32: =ROUNDUP(BB32/0.5,0)*0.5 -> 1.5 | BL32: =ROUNDUP(BC32/0.5,0)*0.5 -> 1.5 | BM32: =ROUNDUP(BD32/0.5,0)*0.5 -> 2 | BO32: =SUM(BH32:BM32) -> 9
BO33: =AVERAGE(BO6:BO32) -> 5.5925926
BO34: =BO33*100 -> 559.25926

Sheet Feuil2
A2: =Feuil1!B5 -> ACCAR Roger | B2: 3
A3: =Feuil1!B6 -> ADO Oihan | B3: 9
A4: =Feuil1!B7 -> ALAUZET Mathis | B4: 5
A5: =Feuil1!B8 -> ARSLANE Djibril | B5: =Feuil1!BO8 -> 3
A6: =Feuil1!B9 -> BENGOUA Solaymane | B6: =Feuil1!BO9 -> 6
A7: =Feuil1!B10 -> BILINGBI MAX Pierre Bradley | B7: 9
A8: =Feuil1!B11 -> BONVALET icolas | B8: =Feuil1!BO11 -> 10
A9: =Feuil1!B12 -> BRENEK Ethan | B9: 6
A10: =Feuil1!B13 -> CHABAUD Nathaniel | B10: 6
A11: =Feuil1!B14 -> COMBES Sinclair | B11: 2
A12: =Feuil1!B15 -> EL BOUKHARI Khayfallah | B12: =Feuil1!BO15 -> 4.5
A13: =Feuil1!B16 -> ELEB Mark | B13: =Feuil1!BO16 -> 6.5
A14: =Feuil1!B17 -> FACCINI Adrien | B14: =Feuil1!BO17 -> 5
A15: =Feuil1!B18 -> FOURCADE Piere | B15: 9
A16: =Feuil1!B19 -> GIROUD Quentin | B16: =Feuil1!BO19 -> 6
A17: =Feuil1!B20 -> JABELKHAYR Hatim | B17: =Feuil1!BO20 -> 4
A18: =Feuil1!B21 -> JOUE--CREITER Lukas | B18: =Feuil1!BO21 -> 5.5
A19: =Feuil1!B22 -> JUDE Stephan | B19: =Feuil1!BO22 -> 3.5
A20: =Feuil1!B23 -> KADRI Elias | B20: 2
A21: =Feuil1!B24 -> KHADIRI Abd el Ali | B21: =Feuil1!BO24 -> 4
A22: =Feuil1!B25 -> MAZABRAUD | B22: =Feuil1!BO25 -> 6.5
A23: =Feuil1!B26 -> MORAGLIA Lowan | B23: =Feuil1!BO26 -> 9
A24: =Feuil1!B27 -> MOREAU Jean | B24: =Feuil1!BO27 -> 3
A25: =Feuil1!B28 -> NGUEDAM Kiara | B25: =Feuil1!BO28 -> 8
A26: =Feuil1!B29 -> RIBEIRO Diala | B26: =Feuil1!BO29 -> 5
A27: =Feuil1!B30 -> RODRIGUES Leandro | B27: 4
A28: =Feuil1!B31 -> SEGUY Axel | B28: =Feuil1!BO31 -> 5
A29: =Feuil1!B32 -> TRESMONTAN Jordan | B29: =Feuil1!BO32 -> 9
A30: =Feuil1!B33 -> 0 | B30: =AVERAGE(B2:B29) -> 5.6607143
